{"tfjsVersion":"1.7.4","tmVersion":"2.4.10","packageVersion":"0.8.4-alpha2","packageName":"@teachablemachine/image","timeStamp":"2025-05-22T16:48:27.503Z","userMetadata":{},"modelName":"tm-my-image-model","labels":["Daun Anggur ...","Daun Anggur ...","Daun Anggur ...","Daun Anggur ...","Daun Apel Bu...","Daun Apel Ka...","Daun Apel Ku...","Daun Apel Se...","Daun Jagung ...","Daun Jagung ...","Daun Jagung ...","Daun Jagung ...","Daun Kentang...","Daun Kentang...","Daun Kentang...","Daun Tomat B...","Daun Tomat H...","Daun Tomat H...","Daun Tomat J...","Daun Tomat J...","Daun Tomat J...","Daun Tomat S...","Daun Tomat T...","Daun Tomat V...","Daun Tomat V..."],"imageSize":224}